Fund Name,P1,P2,P3,P4,P5,Topsis Score,Rank
M1,0.81,0.66,5.7,44.1,12.82,0.5291462809351861,4
M2,0.68,0.46,5.9,58.2,16.31,0.546908099438309,3
M3,0.91,0.83,3.1,67.9,18.19,0.6489899423001132,2
M4,0.89,0.79,6.4,66.2,18.57,0.9191846779194175,1
M5,0.61,0.37,4.4,39.2,11.15,0.20485280516717147,7
M6,0.82,0.67,4.8,30.7,9.25,0.37428469456787555,6
M7,0.62,0.38,6.9,46.9,13.7,0.4532682865012679,8
M8,0.61,0.37,5.1,38.4,11.12,0.25698926781158704,5
